,Setting,AbsRel,SqRel,RMSE,RMSE_log,delta1,delta2,delta3,SF,MG,GT_SF,GT_MG
0,NYU_100_FS5,0.24396881196841552,0.5651373440337109,0.4463668496601443,0.0909260274437954,0.9042417193771503,0.9727925991793291,0.9858824003727065,0.12867223523807816,0.03590628422728372,0.14615341793141962,0.042774390007742316
1,NYU_100_FS5_no_aif_recon,0.24496287307972572,0.6315707518784642,0.42569832991387135,0.08986893633454582,0.9059148665961869,0.9736962741303516,0.9855638789838972,0.13199756633980195,0.036559463640965455,0.14615341793141962,0.042774390007742316
2,NYU_100_FS5_no_caif_blur,0.25444037761163274,0.6089531201470518,0.46242996822438837,0.09404947706683331,0.8944146859171923,0.9726114535550459,0.9861946689244075,0.12875699851126482,0.03600629462379199,0.14615341793141962,0.042774390007742316
3,NYU_100_FS5_no_sharp,0.2638914475747205,0.5942220892016676,0.49169249928325687,0.0970701456799055,0.8716282275838589,0.9762775759449064,0.9880009922412557,0.1279448179659129,0.03587299895213649,0.14615341793141962,0.042774390007742316
4,NYU_100_FS5_no_sm,0.2781595819222453,0.7130051825753775,0.47716734533280775,0.1014043242194966,0.8853916553182339,0.9762872818413131,0.9839443008469515,0.12857250481935087,0.03610268864062948,0.14615341793141962,0.042774390007742316
